{"cameraMode":{"drawMode":0,"name":"Shaded","section":"Shading Mode"},"sceneLighting":true,"audioPlay":false,"sceneViewState":{"showFog":true,"showMaterialUpdate":false,"showSkybox":true,"showFlares":true,"showImageEffects":true,"showParticleSystems":true,"showVisualEffectGraphs":true,"m_FxEnabled":true},"in2DMode":false,"pivot":{"x":243.80526733398438,"y":166.4353790283203,"z":-3.4183883666992189},"rotation":{"x":0.06775327026844025,"y":0.012279191985726357,"z":-0.0008374570752494037,"w":0.9976466298103333},"size":260.6015319824219,"orthographic":false}