{"cameraMode":{"drawMode":0,"name":"Shaded","section":"Shading Mode"},"sceneLighting":true,"audioPlay":false,"sceneViewState":{"showFog":true,"showMaterialUpdate":false,"showSkybox":true,"showFlares":true,"showImageEffects":true,"showParticleSystems":true,"showVisualEffectGraphs":true,"m_FxEnabled":true},"in2DMode":false,"pivot":{"x":12.73894214630127,"y":1.6241908073425294,"z":10.400419235229493},"rotation":{"x":0.24100427329540254,"y":-0.23138511180877686,"z":0.059293270111083987,"w":0.9406853318214417},"size":1.892946481704712,"orthographic":false}