{"cameraMode":{"drawMode":0,"name":"Shaded","section":"Shading Mode"},"sceneLighting":true,"audioPlay":false,"sceneViewState":{"showFog":true,"showMaterialUpdate":false,"showSkybox":true,"showFlares":true,"showImageEffects":true,"showParticleSystems":true,"showVisualEffectGraphs":true,"m_FxEnabled":true},"in2DMode":false,"pivot":{"x":11.651654243469239,"y":2.111370801925659,"z":9.598531723022461},"rotation":{"x":0.15303272008895875,"y":-0.12091876566410065,"z":0.018886489793658258,"w":0.9806292653083801},"size":2.724745035171509,"orthographic":false}