{"cameraMode":{"drawMode":0,"name":"Shaded","section":"Shading Mode"},"sceneLighting":false,"audioPlay":false,"sceneViewState":{"showFog":true,"showMaterialUpdate":false,"showSkybox":false,"showFlares":true,"showImageEffects":true,"showParticleSystems":true,"showVisualEffectGraphs":true,"m_FxEnabled":true},"in2DMode":false,"pivot":{"x":0.00008559320122003555,"y":0.0033055986277759077,"z":-0.0003132119309157133},"rotation":{"x":0.18274547159671784,"y":0.30990126729011538,"z":-0.06082311272621155,"w":0.9310765862464905},"size":0.009286290965974331,"orthographic":false}